id,tool_id,a_,D,l_,L,execution,fi_,mat_,group,D_1,d_,direction,B,h_,l_1_,m_,l_2_,r_,H,fi_1_,gamma_,lambda_,n_,bl_,cutter_type,h_1_,cutter_group,created_at,updated_at
1,0,,,,50.0,1.0,45.0,1,,,,Правые,8.0,,,,,0.2,8.0,45.0,10.0,0.0,4.0,6.0,Токарный,,,2025-06-22 16:47:47.711482+00:00,2025-06-22 16:47:47.711482+00:00
2,1,,,,50.0,1.0,45.0,1,,,,Левые,8.0,,,,,0.2,8.0,45.0,10.0,0.0,4.0,6.0,Токарный,,,2025-06-22 16:47:47.711482+00:00,2025-06-22 16:47:47.711482+00:00
3,2,,,,60.0,1.0,45.0,1,,,,Правые,10.0,,,,,0.2,10.0,45.0,10.0,0.0,6.0,8.0,Токарный,,,2025-06-22 16:47:47.711482+00:00,2025-06-22 16:47:47.711482+00:00
4,3,,,,60.0,1.0,45.0,1,,,,Левые,10.0,,,,,0.2,10.0,45.0,10.0,0.0,6.0,8.0,Токарный,,,2025-06-22 16:47:47.711482+00:00,2025-06-22 16:47:47.711482+00:00
5,4,,,,70.0,1.0,45.0,1,,,,Правые,12.0,,,,,0.2,12.0,45.0,10.0,0.0,7.0,10.0,Токарный,,,2025-06-22 16:47:47.711482+00:00,2025-06-22 16:47:47.711482+00:00
6,5,,,,70.0,1.0,45.0,1,,,,Левые,12.0,,,,,0.2,12.0,45.0,10.0,0.0,7.0,10.0,Токарный,,,2025-06-22 16:47:47.711482+00:00,2025-06-22 16:47:47.711482+00:00
7,6,,,,80.0,2.0,45.0,1,,,,Правые,16.0,,,,,0.2,16.0,45.0,10.0,0.0,9.0,12.0,Токарный,,,2025-06-22 16:47:47.711482+00:00,2025-06-22 16:47:47.711482+00:00
8,7,,,,80.0,2.0,45.0,1,,,,Левые,16.0,,,,,0.2,16.0,45.0,10.0,0.0,9.0,12.0,Токарный,,,2025-06-22 16:47:47.711482+00:00,2025-06-22 16:47:47.711482+00:00
9,8,,,,120.0,1.0,45.0,1,,,,Правые,12.0,,,,,0.2,20.0,45.0,10.0,0.0,7.0,10.0,Токарный,,,2025-06-22 16:47:47.711482+00:00,2025-06-22 16:47:47.711482+00:00
10,9,,,,120.0,1.0,45.0,1,,,,Левые,12.0,,,,,0.2,20.0,45.0,10.0,0.0,7.0,10.0,Токарный,,,2025-06-22 16:47:47.711482+00:00,2025-06-22 16:47:47.711482+00:00
11,10,,,,100.0,1.0,45.0,1,,,,Правые,20.0,,,,,0.2,20.0,45.0,10.0,0.0,12.0,16.0,Токарный,,,2025-06-22 16:47:47.711482+00:00,2025-06-22 16:47:47.711482+00:00
12,11,,,,100.0,1.0,45.0,1,,,,Левые,20.0,,,,,0.2,20.0,45.0,10.0,0.0,12.0,16.0,Токарный,,,2025-06-22 16:47:47.711482+00:00,2025-06-22 16:47:47.711482+00:00
13,12,,,,140.0,,45.0,1,,,,Правые,16.0,,,,,0.2,25.0,45.0,10.0,0.0,9.0,12.0,Токарный,,,2025-06-22 16:47:47.711482+00:00,2025-06-22 16:47:47.711482+00:00
14,13,,,,140.0,,45.0,1,,,,Левые,16.0,,,,,0.2,25.0,45.0,10.0,0.0,9.0,12.0,Токарный,,,2025-06-22 16:47:47.711482+00:00,2025-06-22 16:47:47.711482+00:00
15,14,,,,170.0,1.0,45.0,1,,,,Правые,20.0,,,,,0.2,32.0,45.0,10.0,0.0,12.0,16.0,Токарный,,,2025-06-22 16:47:47.711482+00:00,2025-06-22 16:47:47.711482+00:00
16,15,,,,170.0,1.0,45.0,1,,,,Левые,20.0,,,,,0.2,32.0,45.0,10.0,0.0,12.0,16.0,Токарный,,,2025-06-22 16:47:47.711482+00:00,2025-06-22 16:47:47.711482+00:00
17,16,,,,200.0,1.0,45.0,1,,,,Правые,25.0,,,,,0.2,40.0,45.0,10.0,0.0,14.0,20.0,Токарный,,,2025-06-22 16:47:47.711482+00:00,2025-06-22 16:47:47.711482+00:00
18,17,,,,200.0,1.0,45.0,1,,,,Левые,25.0,,,,,0.2,40.0,45.0,10.0,0.0,14.0,20.0,Токарный,,,2025-06-22 16:47:47.711482+00:00,2025-06-22 16:47:47.711482+00:00
19,18,,,,240.0,1.0,45.0,1,,,,Правые,32.0,,,,,0.2,50.0,45.0,10.0,0.0,18.0,25.0,Токарный,,,2025-06-22 16:47:47.711482+00:00,2025-06-22 16:47:47.711482+00:00
20,19,,,,240.0,1.0,45.0,1,,,,Левые,32.0,,,,,0.2,50.0,45.0,10.0,0.0,18.0,25.0,Токарный,,,2025-06-22 16:47:47.711482+00:00,2025-06-22 16:47:47.711482+00:00
21,20,,,,100.0,2.0,45.0,1,,,,Правые,10.0,,,,,0.2,16.0,45.0,10.0,0.0,6.0,8.0,Токарный,,,2025-06-22 16:47:47.711482+00:00,2025-06-22 16:47:47.711482+00:00
22,21,,,,100.0,2.0,45.0,1,,,,Левые,10.0,,,,,0.2,16.0,45.0,10.0,0.0,6.0,8.0,Токарный,,,2025-06-22 16:47:47.711482+00:00,2025-06-22 16:47:47.711482+00:00
23,22,,,,100.0,1.0,45.0,1,,,,Правые,12.0,,,,,0.2,16.0,45.0,10.0,0.0,7.0,10.0,Токарный,,,2025-06-22 16:47:47.711482+00:00,2025-06-22 16:47:47.711482+00:00
24,23,,,,100.0,1.0,45.0,1,,,,Левые,12.0,,,,,0.2,16.0,45.0,10.0,0.0,7.0,10.0,Токарный,,,2025-06-22 16:47:47.711482+00:00,2025-06-22 16:47:47.711482+00:00
25,24,,,,120.0,1.0,45.0,1,,,,Правые,16.0,,,,,0.2,20.0,45.0,10.0,0.0,9.0,12.0,Токарный,,,2025-06-22 16:47:47.711482+00:00,2025-06-22 16:47:47.711482+00:00
26,25,,,,120.0,1.0,45.0,1,,,,Левые,16.0,,,,,0.2,20.0,45.0,10.0,0.0,9.0,12.0,Токарный,,,2025-06-22 16:47:47.711482+00:00,2025-06-22 16:47:47.711482+00:00
27,26,,,,140.0,1.0,45.0,1,,,,Правые,20.0,,,,,0.2,25.0,45.0,10.0,0.0,12.0,16.0,Токарный,,,2025-06-22 16:47:47.711482+00:00,2025-06-22 16:47:47.711482+00:00
28,27,,,,140.0,1.0,45.0,1,,,,Левые,20.0,,,,,0.2,25.0,45.0,10.0,0.0,12.0,16.0,Токарный,,,2025-06-22 16:47:47.711482+00:00,2025-06-22 16:47:47.711482+00:00
29,28,,,,170.0,1.0,45.0,1,,,,Правые,25.0,,,,,0.2,32.0,45.0,10.0,0.0,14.0,20.0,Токарный,,,2025-06-22 16:47:47.711482+00:00,2025-06-22 16:47:47.711482+00:00
30,29,,,,170.0,1.0,45.0,1,,,,Левые,25.0,,,,,0.2,32.0,45.0,10.0,0.0,14.0,20.0,Токарный,,,2025-06-22 16:47:47.711482+00:00,2025-06-22 16:47:47.711482+00:00
31,30,,,,200.0,1.0,45.0,1,,,,Правые,32.0,,,,,0.2,40.0,45.0,10.0,0.0,18.0,25.0,Токарный,,,2025-06-22 16:47:47.711482+00:00,2025-06-22 16:47:47.711482+00:00
32,31,,,,200.0,1.0,45.0,1,,,,Левые,32.0,,,,,0.2,40.0,45.0,10.0,0.0,18.0,25.0,Токарный,,,2025-06-22 16:47:47.711482+00:00,2025-06-22 16:47:47.711482+00:00
33,32,,,,240.0,1.0,45.0,1,,,,Правые,40.0,,,,,0.2,50.0,45.0,10.0,0.0,22.0,32.0,Токарный,,,2025-06-22 16:47:47.711482+00:00,2025-06-22 16:47:47.711482+00:00
34,33,,,,240.0,1.0,45.0,1,,,,Левые,40.0,,,,,0.2,50.0,45.0,10.0,0.0,22.0,32.0,Токарный,,,2025-06-22 16:47:47.711482+00:00,2025-06-22 16:47:47.711482+00:00
35,34,,,,80.0,2.0,45.0,1,,,,Правые,16.0,,,,,0.2,16.0,45.0,0.0,0.0,9.0,12.0,Токарный,,,2025-06-22 16:47:47.711482+00:00,2025-06-22 16:47:47.711482+00:00
36,35,,,,80.0,2.0,45.0,1,,,,Левые,16.0,,,,,0.2,16.0,45.0,0.0,0.0,9.0,12.0,Токарный,,,2025-06-22 16:47:47.711482+00:00,2025-06-22 16:47:47.711482+00:00
37,36,,,,120.0,1.0,45.0,1,,,,Правые,12.0,,,,,0.2,20.0,45.0,0.0,0.0,7.0,10.0,Токарный,,,2025-06-22 16:47:47.711482+00:00,2025-06-22 16:47:47.711482+00:00
38,37,,,,120.0,1.0,45.0,1,,,,Левые,12.0,,,,,0.2,20.0,45.0,0.0,0.0,7.0,10.0,Токарный,,,2025-06-22 16:47:47.711482+00:00,2025-06-22 16:47:47.711482+00:00
39,38,,,,100.0,1.0,45.0,1,,,,Правые,20.0,,,,,0.2,20.0,45.0,0.0,0.0,12.0,16.0,Токарный,,,2025-06-22 16:47:47.711482+00:00,2025-06-22 16:47:47.711482+00:00
40,39,,,,100.0,1.0,45.0,1,,,,Левые,20.0,,,,,0.2,20.0,45.0,0.0,0.0,12.0,16.0,Токарный,,,2025-06-22 16:47:47.711482+00:00,2025-06-22 16:47:47.711482+00:00
41,40,,,,140.0,,45.0,1,,,,Правые,16.0,,,,,0.2,25.0,45.0,0.0,0.0,9.0,12.0,Токарный,,,2025-06-22 16:47:47.711482+00:00,2025-06-22 16:47:47.711482+00:00
42,41,,,,140.0,,45.0,1,,,,Левые,16.0,,,,,0.2,25.0,45.0,0.0,0.0,9.0,12.0,Токарный,,,2025-06-22 16:47:47.711482+00:00,2025-06-22 16:47:47.711482+00:00
43,42,,,,170.0,1.0,45.0,1,,,,Правые,20.0,,,,,0.2,32.0,45.0,0.0,0.0,12.0,16.0,Токарный,,,2025-06-22 16:47:47.711482+00:00,2025-06-22 16:47:47.711482+00:00
44,43,,,,170.0,1.0,45.0,1,,,,Левые,20.0,,,,,0.2,32.0,45.0,0.0,0.0,12.0,16.0,Токарный,,,2025-06-22 16:47:47.711482+00:00,2025-06-22 16:47:47.711482+00:00
45,44,,,,200.0,1.0,45.0,1,,,,Правые,25.0,,,,,0.2,40.0,45.0,0.0,0.0,14.0,20.0,Токарный,,,2025-06-22 16:47:47.711482+00:00,2025-06-22 16:47:47.711482+00:00
46,45,,,,200.0,1.0,45.0,1,,,,Левые,25.0,,,,,0.2,40.0,45.0,0.0,0.0,14.0,20.0,Токарный,,,2025-06-22 16:47:47.711482+00:00,2025-06-22 16:47:47.711482+00:00
47,46,,,,240.0,1.0,45.0,1,,,,Правые,32.0,,,,,0.2,50.0,45.0,0.0,0.0,18.0,25.0,Токарный,,,2025-06-22 16:47:47.711482+00:00,2025-06-22 16:47:47.711482+00:00
48,47,,,,240.0,1.0,45.0,1,,,,Левые,32.0,,,,,0.2,50.0,45.0,0.0,0.0,18.0,25.0,Токарный,,,2025-06-22 16:47:47.711482+00:00,2025-06-22 16:47:47.711482+00:00
49,48,,,,100.0,2.0,45.0,1,,,,Правые,10.0,,,,,0.2,16.0,45.0,0.0,0.0,6.0,8.0,Токарный,,,2025-06-22 16:47:47.711482+00:00,2025-06-22 16:47:47.711482+00:00
50,49,,,,100.0,2.0,45.0,1,,,,Левые,10.0,,,,,0.2,16.0,45.0,0.0,0.0,6.0,8.0,Токарный,,,2025-06-22 16:47:47.711482+00:00,2025-06-22 16:47:47.711482+00:00
51,50,,,,100.0,1.0,45.0,1,,,,Правые,12.0,,,,,0.2,16.0,45.0,0.0,0.0,7.0,10.0,Токарный,,,2025-06-22 16:47:47.711482+00:00,2025-06-22 16:47:47.711482+00:00
52,51,,,,100.0,1.0,45.0,1,,,,Левые,12.0,,,,,0.2,16.0,45.0,0.0,0.0,7.0,10.0,Токарный,,,2025-06-22 16:47:47.711482+00:00,2025-06-22 16:47:47.711482+00:00
53,52,,,,120.0,1.0,45.0,1,,,,Правые,16.0,,,,,0.2,20.0,45.0,0.0,0.0,9.0,12.0,Токарный,,,2025-06-22 16:47:47.711482+00:00,2025-06-22 16:47:47.711482+00:00
54,53,,,,120.0,1.0,45.0,1,,,,Левые,16.0,,,,,0.2,20.0,45.0,0.0,0.0,9.0,12.0,Токарный,,,2025-06-22 16:47:47.711482+00:00,2025-06-22 16:47:47.711482+00:00
55,54,,,,140.0,1.0,45.0,1,,,,Правые,20.0,,,,,0.2,25.0,45.0,0.0,0.0,12.0,16.0,Токарный,,,2025-06-22 16:47:47.711482+00:00,2025-06-22 16:47:47.711482+00:00
56,55,,,,140.0,1.0,45.0,1,,,,Левые,20.0,,,,,0.2,25.0,45.0,0.0,0.0,12.0,16.0,Токарный,,,2025-06-22 16:47:47.711482+00:00,2025-06-22 16:47:47.711482+00:00
57,56,,,,170.0,1.0,45.0,1,,,,Правые,25.0,,,,,0.2,32.0,45.0,0.0,0.0,14.0,20.0,Токарный,,,2025-06-22 16:47:47.711482+00:00,2025-06-22 16:47:47.711482+00:00
58,57,,,,170.0,1.0,45.0,1,,,,Левые,25.0,,,,,0.2,32.0,45.0,0.0,0.0,14.0,20.0,Токарный,,,2025-06-22 16:47:47.711482+00:00,2025-06-22 16:47:47.711482+00:00
59,58,,,,200.0,1.0,45.0,1,,,,Правые,32.0,,,,,0.2,40.0,45.0,0.0,0.0,18.0,25.0,Токарный,,,2025-06-22 16:47:47.711482+00:00,2025-06-22 16:47:47.711482+00:00
60,59,,,,200.0,1.0,45.0,1,,,,Левые,32.0,,,,,0.2,40.0,45.0,0.0,0.0,18.0,25.0,Токарный,,,2025-06-22 16:47:47.711482+00:00,2025-06-22 16:47:47.711482+00:00
61,60,,,,240.0,1.0,45.0,1,,,,Правые,40.0,,,,,0.2,50.0,45.0,0.0,0.0,22.0,32.0,Токарный,,,2025-06-22 16:47:47.711482+00:00,2025-06-22 16:47:47.711482+00:00
62,61,,,,240.0,1.0,45.0,1,,,,Левые,40.0,,,,,0.2,50.0,45.0,0.0,0.0,22.0,32.0,Токарный,,,2025-06-22 16:47:47.711482+00:00,2025-06-22 16:47:47.711482+00:00
63,62,,,,100.0,2.0,45.0,1,,,,Правые,10.0,,,,,0.2,16.0,45.0,10.0,0.0,6.0,8.0,Токарный,,,2025-06-22 16:47:47.711482+00:00,2025-06-22 16:47:47.711482+00:00
64,63,,,,100.0,2.0,45.0,1,,,,Левые,10.0,,,,,0.2,16.0,45.0,10.0,0.0,6.0,8.0,Токарный,,,2025-06-22 16:47:47.711482+00:00,2025-06-22 16:47:47.711482+00:00
65,64,,,,100.0,1.0,45.0,1,,,,Правые,12.0,,,,,0.2,16.0,45.0,10.0,0.0,9.0,10.0,Токарный,,,2025-06-22 16:47:47.711482+00:00,2025-06-22 16:47:47.711482+00:00
66,65,,,,100.0,1.0,45.0,1,,,,Левые,12.0,,,,,0.2,16.0,45.0,10.0,0.0,9.0,10.0,Токарный,,,2025-06-22 16:47:47.711482+00:00,2025-06-22 16:47:47.711482+00:00
67,66,,,,120.0,2.0,45.0,1,,,,Правые,12.0,,,,,0.2,20.0,45.0,10.0,0.0,7.0,10.0,Токарный,,,2025-06-22 16:47:47.711482+00:00,2025-06-22 16:47:47.711482+00:00
68,67,,,,120.0,2.0,45.0,1,,,,Левые,12.0,,,,,0.2,20.0,45.0,10.0,0.0,7.0,10.0,Токарный,,,2025-06-22 16:47:47.711482+00:00,2025-06-22 16:47:47.711482+00:00
69,68,,,,120.0,2.0,45.0,1,,,,Правые,16.0,,,,,0.2,20.0,45.0,10.0,0.0,9.0,12.0,Токарный,,,2025-06-22 16:47:47.711482+00:00,2025-06-22 16:47:47.711482+00:00
70,69,,,,120.0,2.0,45.0,1,,,,Левые,16.0,,,,,0.2,20.0,45.0,10.0,0.0,9.0,12.0,Токарный,,,2025-06-22 16:47:47.711482+00:00,2025-06-22 16:47:47.711482+00:00
71,70,,,,140.0,2.0,45.0,1,,,,Правые,16.0,,,,,0.2,25.0,45.0,10.0,0.0,9.0,12.0,Токарный,,,2025-06-22 16:47:47.711482+00:00,2025-06-22 16:47:47.711482+00:00
72,71,,,,140.0,2.0,45.0,1,,,,Левые,16.0,,,,,0.2,25.0,45.0,10.0,0.0,9.0,12.0,Токарный,,,2025-06-22 16:47:47.711482+00:00,2025-06-22 16:47:47.711482+00:00
73,72,,,,140.0,2.0,45.0,1,,,,Правые,20.0,,,,,0.2,25.0,45.0,10.0,0.0,12.0,16.0,Токарный,,,2025-06-22 16:47:47.711482+00:00,2025-06-22 16:47:47.711482+00:00
74,73,,,,140.0,2.0,45.0,1,,,,Левые,20.0,,,,,0.2,25.0,45.0,10.0,0.0,12.0,16.0,Токарный,,,2025-06-22 16:47:47.711482+00:00,2025-06-22 16:47:47.711482+00:00
75,74,,,,170.0,2.0,45.0,1,,,,Правые,20.0,,,,,0.2,32.0,45.0,10.0,0.0,12.0,16.0,Токарный,,,2025-06-22 16:47:47.711482+00:00,2025-06-22 16:47:47.711482+00:00
76,75,,,,170.0,2.0,45.0,1,,,,Левые,20.0,,,,,0.2,32.0,45.0,10.0,0.0,12.0,16.0,Токарный,,,2025-06-22 16:47:47.711482+00:00,2025-06-22 16:47:47.711482+00:00
77,76,,,,170.0,2.0,45.0,1,,,,Правые,25.0,,,,,0.2,32.0,45.0,10.0,0.0,14.0,20.0,Токарный,,,2025-06-22 16:47:47.711482+00:00,2025-06-22 16:47:47.711482+00:00
78,77,,,,170.0,2.0,45.0,1,,,,Левые,25.0,,,,,0.2,32.0,45.0,10.0,0.0,14.0,20.0,Токарный,,,2025-06-22 16:47:47.711482+00:00,2025-06-22 16:47:47.711482+00:00
79,78,,,,200.0,2.0,45.0,1,,,,Правые,25.0,,,,,0.2,40.0,45.0,10.0,0.0,14.0,20.0,Токарный,,,2025-06-22 16:47:47.711482+00:00,2025-06-22 16:47:47.711482+00:00
80,79,,,,200.0,2.0,45.0,1,,,,Левые,25.0,,,,,0.2,40.0,45.0,10.0,0.0,14.0,20.0,Токарный,,,2025-06-22 16:47:47.711482+00:00,2025-06-22 16:47:47.711482+00:00
81,80,,,,200.0,2.0,45.0,1,,,,Правые,32.0,,,,,0.2,40.0,45.0,10.0,0.0,18.0,25.0,Токарный,,,2025-06-22 16:47:47.711482+00:00,2025-06-22 16:47:47.711482+00:00
82,81,,,,200.0,2.0,45.0,1,,,,Левые,32.0,,,,,0.2,40.0,45.0,10.0,0.0,18.0,25.0,Токарный,,,2025-06-22 16:47:47.711482+00:00,2025-06-22 16:47:47.711482+00:00
83,82,,,,240.0,2.0,45.0,1,,,,Правые,32.0,,,,,0.2,50.0,45.0,10.0,0.0,18.0,25.0,Токарный,,,2025-06-22 16:47:47.711482+00:00,2025-06-22 16:47:47.711482+00:00
84,83,,,,240.0,2.0,45.0,1,,,,Левые,32.0,,,,,0.2,50.0,45.0,10.0,0.0,18.0,25.0,Токарный,,,2025-06-22 16:47:47.711482+00:00,2025-06-22 16:47:47.711482+00:00
85,84,,,,240.0,2.0,45.0,1,,,,Правые,40.0,,,,,0.2,50.0,45.0,10.0,0.0,22.0,32.0,Токарный,,,2025-06-22 16:47:47.711482+00:00,2025-06-22 16:47:47.711482+00:00
86,85,,,,240.0,2.0,45.0,1,,,,Левые,40.0,,,,,0.2,50.0,45.0,10.0,0.0,22.0,32.0,Токарный,,,2025-06-22 16:47:47.711482+00:00,2025-06-22 16:47:47.711482+00:00
87,86,,,,100.0,2.0,45.0,1,,,,Правые,10.0,,,,,0.2,16.0,45.0,0.0,0.0,6.0,8.0,Токарный,,,2025-06-22 16:47:47.711482+00:00,2025-06-22 16:47:47.711482+00:00
88,87,,,,100.0,2.0,45.0,1,,,,Левые,10.0,,,,,0.2,16.0,45.0,0.0,0.0,6.0,8.0,Токарный,,,2025-06-22 16:47:47.711482+00:00,2025-06-22 16:47:47.711482+00:00
89,88,,,,100.0,1.0,45.0,1,,,,Правые,12.0,,,,,0.2,16.0,45.0,0.0,0.0,9.0,10.0,Токарный,,,2025-06-22 16:47:47.711482+00:00,2025-06-22 16:47:47.711482+00:00
90,89,,,,100.0,1.0,45.0,1,,,,Левые,12.0,,,,,0.2,16.0,45.0,0.0,0.0,9.0,10.0,Токарный,,,2025-06-22 16:47:47.711482+00:00,2025-06-22 16:47:47.711482+00:00
91,90,,,,120.0,2.0,45.0,1,,,,Правые,12.0,,,,,0.2,20.0,45.0,0.0,0.0,7.0,10.0,Токарный,,,2025-06-22 16:47:47.711482+00:00,2025-06-22 16:47:47.711482+00:00
92,91,,,,120.0,2.0,45.0,1,,,,Левые,12.0,,,,,0.2,20.0,45.0,0.0,0.0,7.0,10.0,Токарный,,,2025-06-22 16:47:47.711482+00:00,2025-06-22 16:47:47.711482+00:00
93,92,,,,120.0,2.0,45.0,1,,,,Правые,16.0,,,,,0.2,20.0,45.0,0.0,0.0,9.0,12.0,Токарный,,,2025-06-22 16:47:47.711482+00:00,2025-06-22 16:47:47.711482+00:00
94,93,,,,120.0,2.0,45.0,1,,,,Левые,16.0,,,,,0.2,20.0,45.0,0.0,0.0,9.0,12.0,Токарный,,,2025-06-22 16:47:47.711482+00:00,2025-06-22 16:47:47.711482+00:00
95,94,,,,140.0,2.0,45.0,1,,,,Правые,16.0,,,,,0.2,25.0,45.0,0.0,0.0,9.0,12.0,Токарный,,,2025-06-22 16:47:47.711482+00:00,2025-06-22 16:47:47.711482+00:00
96,95,,,,140.0,2.0,45.0,1,,,,Левые,16.0,,,,,0.2,25.0,45.0,0.0,0.0,9.0,12.0,Токарный,,,2025-06-22 16:47:47.711482+00:00,2025-06-22 16:47:47.711482+00:00
97,96,,,,140.0,2.0,45.0,1,,,,Правые,20.0,,,,,0.2,25.0,45.0,0.0,0.0,12.0,16.0,Токарный,,,2025-06-22 16:47:47.711482+00:00,2025-06-22 16:47:47.711482+00:00
98,97,,,,140.0,2.0,45.0,1,,,,Левые,20.0,,,,,0.2,25.0,45.0,0.0,0.0,12.0,16.0,Токарный,,,2025-06-22 16:47:47.711482+00:00,2025-06-22 16:47:47.711482+00:00
99,98,,,,170.0,2.0,45.0,1,,,,Правые,20.0,,,,,0.2,32.0,45.0,0.0,0.0,12.0,16.0,Токарный,,,2025-06-22 16:47:47.711482+00:00,2025-06-22 16:47:47.711482+00:00
100,99,,,,170.0,2.0,45.0,1,,,,Левые,20.0,,,,,0.2,32.0,45.0,0.0,0.0,12.0,16.0,Токарный,,,2025-06-22 16:47:47.711482+00:00,2025-06-22 16:47:47.711482+00:00
101,100,,,,170.0,2.0,45.0,1,,,,Правые,25.0,,,,,0.2,32.0,45.0,0.0,0.0,14.0,20.0,Токарный,,,2025-06-22 16:47:47.711482+00:00,2025-06-22 16:47:47.711482+00:00
102,101,,,,170.0,2.0,45.0,1,,,,Левые,25.0,,,,,0.2,32.0,45.0,0.0,0.0,14.0,20.0,Токарный,,,2025-06-22 16:47:47.711482+00:00,2025-06-22 16:47:47.711482+00:00
103,102,,,,200.0,2.0,45.0,1,,,,Правые,25.0,,,,,0.2,40.0,45.0,0.0,0.0,14.0,20.0,Токарный,,,2025-06-22 16:47:47.711482+00:00,2025-06-22 16:47:47.711482+00:00
104,103,,,,200.0,2.0,45.0,1,,,,Левые,25.0,,,,,0.2,40.0,45.0,0.0,0.0,14.0,20.0,Токарный,,,2025-06-22 16:47:47.711482+00:00,2025-06-22 16:47:47.711482+00:00
105,104,,,,200.0,2.0,45.0,1,,,,Правые,32.0,,,,,0.2,40.0,45.0,0.0,0.0,18.0,25.0,Токарный,,,2025-06-22 16:47:47.711482+00:00,2025-06-22 16:47:47.711482+00:00
106,105,,,,200.0,2.0,45.0,1,,,,Левые,32.0,,,,,0.2,40.0,45.0,0.0,0.0,18.0,25.0,Токарный,,,2025-06-22 16:47:47.711482+00:00,2025-06-22 16:47:47.711482+00:00
107,106,,,,240.0,2.0,45.0,1,,,,Правые,32.0,,,,,0.2,50.0,45.0,0.0,0.0,18.0,25.0,Токарный,,,2025-06-22 16:47:47.711482+00:00,2025-06-22 16:47:47.711482+00:00
108,107,,,,240.0,2.0,45.0,1,,,,Левые,32.0,,,,,0.2,50.0,45.0,0.0,0.0,18.0,25.0,Токарный,,,2025-06-22 16:47:47.711482+00:00,2025-06-22 16:47:47.711482+00:00
109,108,,,,240.0,2.0,45.0,1,,,,Правые,40.0,,,,,0.2,50.0,45.0,0.0,0.0,22.0,32.0,Токарный,,,2025-06-22 16:47:47.711482+00:00,2025-06-22 16:47:47.711482+00:00
110,109,,,,240.0,2.0,45.0,1,,,,Левые,40.0,,,,,0.2,50.0,45.0,0.0,0.0,22.0,32.0,Токарный,,,2025-06-22 16:47:47.711482+00:00,2025-06-22 16:47:47.711482+00:00
111,110,,,,100.0,,90.0,0,Подрезной,,,Правый,10.0,,,4.0,,0.2,16.0,0.0,16.0,0.0,,10.0,Токарный,,,2025-06-22 16:47:47.711482+00:00,2025-06-22 16:47:47.711482+00:00
112,111,,,,100.0,,90.0,0,Подрезной,,,Левый,10.0,,,4.0,,0.2,16.0,0.0,16.0,0.0,,10.0,Токарный,,,2025-06-22 16:47:47.711482+00:00,2025-06-22 16:47:47.711482+00:00
113,112,,,,120.0,,90.0,0,Подрезной,,,Правый,12.0,,,5.0,,0.2,20.0,0.0,16.0,0.0,,12.0,Токарный,,,2025-06-22 16:47:47.711482+00:00,2025-06-22 16:47:47.711482+00:00
114,113,,,,120.0,,90.0,0,Подрезной,,,Левый,12.0,,,5.0,,0.2,20.0,0.0,16.0,0.0,,12.0,Токарный,,,2025-06-22 16:47:47.711482+00:00,2025-06-22 16:47:47.711482+00:00
115,114,,,,140.0,,90.0,0,Подрезной,,,Правый,16.0,,,6.0,,0.2,25.0,0.0,16.0,0.0,,16.0,Токарный,,,2025-06-22 16:47:47.711482+00:00,2025-06-22 16:47:47.711482+00:00
116,115,,,,140.0,,90.0,0,Подрезной,,,Левый,16.0,,,6.0,,0.2,25.0,0.0,16.0,0.0,,16.0,Токарный,,,2025-06-22 16:47:47.711482+00:00,2025-06-22 16:47:47.711482+00:00
117,116,,,,170.0,,90.0,0,Подрезной,,,Правый,20.0,,,8.0,,0.2,32.0,0.0,16.0,0.0,,20.0,Токарный,,,2025-06-22 16:47:47.711482+00:00,2025-06-22 16:47:47.711482+00:00
118,117,,,,170.0,,90.0,0,Подрезной,,,Левый,20.0,,,8.0,,0.2,32.0,0.0,16.0,0.0,,20.0,Токарный,,,2025-06-22 16:47:47.711482+00:00,2025-06-22 16:47:47.711482+00:00
119,118,,,,200.0,,90.0,0,Подрезной,,,Правый,25.0,,,10.0,,0.2,40.0,0.0,16.0,0.0,,25.0,Токарный,,,2025-06-22 16:47:47.711482+00:00,2025-06-22 16:47:47.711482+00:00
120,119,,,,200.0,,90.0,0,Подрезной,,,Левый,25.0,,,10.0,,0.2,40.0,0.0,16.0,0.0,,25.0,Токарный,,,2025-06-22 16:47:47.711482+00:00,2025-06-22 16:47:47.711482+00:00
121,120,,,35.0,250.0,,45.0,0,Тип 1,,,,12.0,,,11.0,,1.5,20.0,45.0,17.447188423282203,0.0,,16.0,Долбежный,,Двухсторонний,2025-06-22 16:47:47.711482+00:00,2025-06-22 16:47:47.711482+00:00
122,121,,,40.0,300.0,,45.0,0,Тип 1,,,,16.0,,,14.0,,1.5,25.0,45.0,19.290046219188735,0.0,,20.0,Долбежный,,Двухсторонний,2025-06-22 16:47:47.711482+00:00,2025-06-22 16:47:47.711482+00:00
123,122,,,45.0,350.0,,45.0,0,Тип 1,,,,20.0,,,17.0,,2.0,32.0,45.0,20.695450734063282,0.0,,23.0,Долбежный,,Двухсторонний,2025-06-22 16:47:47.711482+00:00,2025-06-22 16:47:47.711482+00:00
124,123,,,55.0,450.0,,45.0,0,Тип 1,,,,25.0,,,20.0,,2.0,40.0,45.0,19.98310652189998,0.0,,31.0,Долбежный,,Двухсторонний,2025-06-22 16:47:47.711482+00:00,2025-06-22 16:47:47.711482+00:00
125,124,,,60.0,500.0,,45.0,0,Тип 1,,,,32.0,,,24.0,,3.0,50.0,45.0,21.80140948635181,0.0,,29.0,Долбежный,,Двухсторонний,2025-06-22 16:47:47.711482+00:00,2025-06-22 16:47:47.711482+00:00
126,125,4.0,,40.0,150.0,1,90.0,0,Тип 2,,,,10.0,,,,,0.2,16.0,10.0,7.594643368591445,0.0,,4.0,Долбежный,,Прорезной,2025-06-22 16:47:47.711482+00:00,2025-06-22 16:47:47.711482+00:00
127,126,5.0,,40.0,150.0,1,90.0,0,Тип 2,,,,10.0,,,,,0.2,16.0,10.0,7.594643368591445,0.0,,5.0,Долбежный,,Прорезной,2025-06-22 16:47:47.711482+00:00,2025-06-22 16:47:47.711482+00:00
128,127,6.0,,60.0,250.0,1,90.0,0,Тип 2,,,,12.0,,,,,0.2,20.0,10.0,7.594643368591445,0.0,,6.0,Долбежный,,Прорезной,2025-06-22 16:47:47.711482+00:00,2025-06-22 16:47:47.711482+00:00
129,128,8.0,,60.0,250.0,2,90.0,0,Тип 2,,,,12.0,,30.0,6.0,,0.2,20.0,10.0,5.710593137499643,0.0,,9.0,Долбежный,,Прорезной,2025-06-22 16:47:47.711482+00:00,2025-06-22 16:47:47.711482+00:00
130,129,10.0,,80.0,300.0,2,90.0,0,Тип 2,,,,16.0,,35.0,7.0,,0.2,25.0,10.0,5.000644597558433,0.0,,11.0,Долбежный,,Прорезной,2025-06-22 16:47:47.711482+00:00,2025-06-22 16:47:47.711482+00:00
131,130,12.0,,80.0,300.0,2,90.0,0,Тип 2,,,,16.0,,35.0,7.0,,0.2,25.0,10.0,5.000644597558433,0.0,,13.0,Долбежный,,Прорезной,2025-06-22 16:47:47.711482+00:00,2025-06-22 16:47:47.711482+00:00
132,131,14.0,,100.0,350.0,2,90.0,0,Тип 2,,,,20.0,,40.0,8.0,,0.2,32.0,10.0,4.573921259900861,0.0,,15.0,Долбежный,,Прорезной,2025-06-22 16:47:47.711482+00:00,2025-06-22 16:47:47.711482+00:00
133,132,16.0,,100.0,350.0,2,90.0,0,Тип 2,,,,20.0,,40.0,8.0,,0.2,32.0,10.0,4.573921259900861,0.0,,17.0,Долбежный,,Прорезной,2025-06-22 16:47:47.711482+00:00,2025-06-22 16:47:47.711482+00:00
134,133,18.0,,120.0,400.0,2,90.0,0,Тип 2,,,,25.0,,50.0,11.0,,0.2,40.0,10.0,5.237476066812513,0.0,,19.0,Долбежный,,Прорезной,2025-06-22 16:47:47.711482+00:00,2025-06-22 16:47:47.711482+00:00
135,134,20.0,,150.0,500.0,2,90.0,0,Тип 2,,,,32.0,,50.0,11.0,,0.2,50.0,10.0,4.194182788390857,0.0,,21.0,Долбежный,,Прорезной,2025-06-22 16:47:47.711482+00:00,2025-06-22 16:47:47.711482+00:00
136,135,24.0,,180.0,500.0,2,90.0,0,Тип 2,,,,32.0,,50.0,11.0,,0.2,50.0,10.0,3.4970597392982494,0.0,,25.0,Долбежный,,Прорезной,2025-06-22 16:47:47.711482+00:00,2025-06-22 16:47:47.711482+00:00
137,136,28.0,,250.0,600.0,2,90.0,0,Тип 2,,,,40.0,,60.0,13.0,,0.2,63.0,10.0,2.976699468111743,0.0,,29.0,Долбежный,,Прорезной,2025-06-22 16:47:47.711482+00:00,2025-06-22 16:47:47.711482+00:00
138,137,3.0,6.0,,90.0,1,90.0,0,Тип 3,7.0,,,,5.5,40.0,,,0.2,,10.0,10.0,0.0,,3.0,Долбежный,4.5,Для шпоночных пазов,2025-06-22 16:47:47.711482+00:00,2025-06-22 16:47:47.711482+00:00
139,138,4.0,8.0,,100.0,1,90.0,0,Тип 3,10.0,,,,7.6,50.0,,,0.2,,10.0,10.0,0.0,,4.0,Долбежный,6.5,Для шпоночных пазов,2025-06-22 16:47:47.711482+00:00,2025-06-22 16:47:47.711482+00:00
140,139,5.0,12.0,,110.0,1,90.0,0,Тип 3,14.0,,,,11.5,50.0,,,0.2,,10.0,10.0,0.0,,5.0,Долбежный,10.0,Для шпоночных пазов,2025-06-22 16:47:47.711482+00:00,2025-06-22 16:47:47.711482+00:00
141,140,6.0,,90.0,280.0,2,90.0,0,Тип 3,18.0,16.0,,20.0,15.4,,,,0.2,20.0,10.0,10.0,0.0,,6.0,Долбежный,14.0,Для шпоночных пазов,2025-06-22 16:47:47.711482+00:00,2025-06-22 16:47:47.711482+00:00
142,141,8.0,,100.0,300.0,2,90.0,0,Тип 3,24.0,22.0,,25.0,21.2,,,,0.2,25.0,10.0,10.0,0.0,,8.0,Долбежный,18.2,Для шпоночных пазов,2025-06-22 16:47:47.711482+00:00,2025-06-22 16:47:47.711482+00:00
143,142,10.0,,130.0,350.0,2,90.0,0,Тип 3,28.0,25.0,,25.0,24.0,,,,0.2,25.0,10.0,10.0,0.0,,10.0,Долбежный,21.0,Для шпоночных пазов,2025-06-22 16:47:47.711482+00:00,2025-06-22 16:47:47.711482+00:00
144,143,12.0,,150.0,400.0,2,90.0,0,Тип 3,28.0,25.0,,32.0,23.7,,,,0.2,32.0,10.0,10.0,0.0,,12.0,Долбежный,20.7,Для шпоночных пазов,2025-06-22 16:47:47.711482+00:00,2025-06-22 16:47:47.711482+00:00
145,144,14.0,,160.0,400.0,2,90.0,0,Тип 3,30.0,28.0,,32.0,25.7,,,,0.2,32.0,10.0,10.0,0.0,,14.0,Долбежный,21.7,Для шпоночных пазов,2025-06-22 16:47:47.711482+00:00,2025-06-22 16:47:47.711482+00:00
146,145,10.0,,130.0,300.0,,90.0,0,Тип 3,,18.0,,20.0,30.0,30.0,,45.0,0.2,20.0,10.0,8.0,0.0,,10.0,Долбежный,,Для шпоночных пазов,2025-06-22 16:47:47.711482+00:00,2025-06-22 16:47:47.711482+00:00
147,146,12.0,,130.0,300.0,,90.0,0,Тип 3,,18.0,,20.0,30.0,30.0,,45.0,0.2,20.0,10.0,8.0,0.0,,12.0,Долбежный,,Для шпоночных пазов,2025-06-22 16:47:47.711482+00:00,2025-06-22 16:47:47.711482+00:00
148,147,14.0,,150.0,350.0,,90.0,0,Тип 3,,22.0,,25.0,36.0,40.0,,55.0,0.2,25.0,10.0,8.0,0.0,,14.0,Долбежный,,Для шпоночных пазов,2025-06-22 16:47:47.711482+00:00,2025-06-22 16:47:47.711482+00:00
149,148,16.0,,160.0,350.0,,90.0,0,Тип 3,,22.0,,25.0,36.0,40.0,,55.0,0.2,25.0,10.0,8.0,0.0,,16.0,Долбежный,,Для шпоночных пазов,2025-06-22 16:47:47.711482+00:00,2025-06-22 16:47:47.711482+00:00
150,149,18.0,,160.0,350.0,,90.0,0,Тип 3,,28.0,,32.0,45.0,50.0,,70.0,0.2,32.0,10.0,8.0,0.0,,18.0,Долбежный,,Для шпоночных пазов,2025-06-22 16:47:47.711482+00:00,2025-06-22 16:47:47.711482+00:00
151,150,20.0,,200.0,400.0,,90.0,0,Тип 3,,28.0,,32.0,45.0,50.0,,70.0,0.2,32.0,10.0,8.0,0.0,,20.0,Долбежный,,Для шпоночных пазов,2025-06-22 16:47:47.711482+00:00,2025-06-22 16:47:47.711482+00:00
152,151,20.0,,250.0,450.0,,90.0,0,Тип 3,,35.0,,40.0,60.0,65.0,,90.0,0.2,40.0,10.0,8.0,0.0,,20.0,Долбежный,,Для шпоночных пазов,2025-06-22 16:47:47.711482+00:00,2025-06-22 16:47:47.711482+00:00
